Timestamp,Close,Predicted Change,Predicted Value,Signal,Trade Action,Trade Price,Position (BTC),Balance
2024-12-30 02:43:00,93597.51,-0.15023291025153263,93738.12426319596,Sell,,,0,500
2024-12-30 02:44:00,93585.46,-0.1442168222424536,93720.42597649299,Sell,,,0,500
2024-12-30 02:45:00,93653.39,-0.1816171859081095,93823.48065142553,Sell,,,0,500
2024-12-30 02:46:00,93562.01,-0.03629472667182334,93595.96807579816,Hold,,,0,500
2024-12-30 02:47:00,93583.71,-0.05627145465025192,93636.37091493269,Hold,,,0,500
2024-12-30 02:48:00,93661.43,-0.16201855140481736,93813.17889211103,Sell,,,0,500
2024-12-30 02:49:00,93748.01,-0.19017698247728873,93926.2971365505,Sell,,,0,500
2024-12-30 02:50:00,93701.39,-0.13182429179929506,93824.9111937736,Hold,,,0,500
2024-12-30 02:51:00,93713.55,-0.09930817469544392,93806.6152159473,Hold,,,0,500
2024-12-30 02:52:00,93697.32,-0.054985599354870594,93748.84003298145,Hold,,,0,500
2024-12-30 02:53:00,93722.99,-0.13335598273016702,93847.9752143586,Hold,,,0,500
2024-12-30 02:54:00,93809.79,-0.23879039343325784,94033.79876661992,Sell,,,0,500
2024-12-30 02:55:00,93850.0,-0.21079715205056382,94047.83312719945,Sell,,,0,500
2024-12-30 02:56:00,93848.1,-0.30288202046281787,94132.34902144597,Sell,,,0,500
2024-12-30 02:57:00,93896.82,-0.33120311392217194,94207.8091917139,Sell,,,0,500
2024-12-30 02:58:00,93919.72,-0.2761666985566271,94179.09499001763,Sell,,,0,500
2024-12-30 02:59:00,93927.64,-0.1925113911991982,94108.46140648458,Sell,,,0,500
2024-12-30 03:00:00,93906.41,-0.21846451712686632,94111.56218515767,Sell,,,0,500
2024-12-30 03:01:00,93873.61,-0.17092026588375375,94034.05902380667,Sell,,,0,500
2024-12-30 03:02:00,93850.16,-0.1627988947087902,94002.94702316243,Sell,,,0,500
2024-12-30 03:03:00,93845.47,-0.13123768370316122,93968.63062108833,Hold,,,0,500
2024-12-30 03:04:00,93941.83,-0.14086251708226316,94074.15882633116,Sell,,,0,500
2024-12-30 03:05:00,94000.0,-0.15904542595111448,94149.50270039405,Sell,,,0,500
2024-12-30 03:06:00,94065.63,-0.23170471535103665,94283.58450023466,Sell,,,0,500
2024-12-30 03:07:00,94055.99,-0.17145787790766623,94217.25640449906,Sell,,,0,500
2024-12-30 03:08:00,94031.62,-0.11913479187120422,94143.64437478011,Hold,,,0,500
2024-12-30 03:09:00,94008.0,-0.08458851855474604,94087.51997452295,Hold,,,0,500
2024-12-30 03:10:00,94024.4,-0.12741144407357527,94144.19784582152,Hold,,,0,500
2024-12-30 03:11:00,94009.58,-0.1422599011470651,94143.31793557678,Sell,,,0,500
2024-12-30 03:12:00,93968.47,-0.12692914067660602,94087.74337147795,Hold,,,0,500
2024-12-30 03:13:00,94008.34,-0.17109400183664278,94169.18263096618,Sell,,,0,500
2024-12-30 03:14:00,94015.33,-0.07855619664415833,94089.18486751046,Hold,,,0,500
2024-12-30 03:15:00,94004.69,-0.002837776953856256,94007.35764342836,Hold,,,0,500
2024-12-30 03:16:00,94019.99,0.0452741318034328,93977.42326580583,Hold,,,0,500
2024-12-30 03:17:00,94024.45,0.034113042106844696,93992.37539978077,Hold,,,0,500
2024-12-30 03:18:00,94020.5,0.01259530206897047,94008.65783401825,Hold,,,0,500
2024-12-30 03:19:00,94023.81,-0.017451240121288396,94040.21832085428,Hold,,,0,500
2024-12-30 03:20:00,93979.9,0.04601094597539737,93936.65895898326,Hold,,,0,500
2024-12-30 03:21:00,93990.3,0.022155238965338858,93969.47622443076,Hold,,,0,500
2024-12-30 03:22:00,93950.15,0.022020521158532966,93929.46168734078,Hold,,,0,500
2024-12-30 03:23:00,93868.0,0.14814528380527459,93728.93898499766,Buy,Buy,93868.0,0.0053266288831124555,0
2024-12-30 03:24:00,93846.34,0.17757534456983484,93679.69203837882,Buy,,,0.0053266288831124555,0
2024-12-30 03:25:00,93961.5,0.047940351720404985,93916.45452641822,Hold,,,0.0053266288831124555,0
2024-12-30 03:26:00,93916.01,0.11055336963832381,93812.18268631514,Buy,,,0.0053266288831124555,0
2024-12-30 03:27:00,93868.01,0.1673154342903083,93710.95433140882,Buy,,,0.0053266288831124555,0
2024-12-30 03:28:00,93907.98,0.1213217277986786,93794.04921612317,Buy,,,0.0053266288831124555,0
2024-12-30 03:29:00,93900.01,0.13146389891920232,93776.56538576847,Buy,,,0.0053266288831124555,0
2024-12-30 03:30:00,93881.04,0.10653630934226958,93781.02260481186,Buy,,,0.0053266288831124555,0
2024-12-30 03:31:00,93814.98,0.1868387845119771,93639.69723167784,Buy,,,0.0053266288831124555,0
2024-12-30 03:32:00,93797.95,0.16201447380896453,93645.9837448639,Buy,,,0.0053266288831124555,0
2024-12-30 03:33:00,93857.38,0.012848150023394476,93845.32106300959,Hold,,,0.0053266288831124555,0
2024-12-30 03:34:00,93831.0,0.02053161239439639,93811.73498277421,Hold,,,0.0053266288831124555,0
2024-12-30 03:35:00,93836.0,0.13438720225043102,93709.89642489629,Buy,,,0.0053266288831124555,0
2024-12-30 03:36:00,93777.01,0.14740688401132732,93638.77623164,Buy,,,0.0053266288831124555,0
2024-12-30 03:37:00,93777.88,0.09685666826787113,93687.04986985977,Buy,,,0.0053266288831124555,0
2024-12-30 03:38:00,93783.86,0.13227464401336225,93659.80773304301,Buy,,,0.0053266288831124555,0
2024-12-30 03:39:00,93757.11,0.15244676898623793,93614.18031511013,Buy,,,0.0053266288831124555,0
2024-12-30 03:40:00,93821.73,0.06407489441981175,93761.61382555966,Hold,,,0.0053266288831124555,0
2024-12-30 03:41:00,93759.2,0.06185453919622621,93701.20567888593,Hold,,,0.0053266288831124555,0
2024-12-30 03:42:00,93750.8,0.04942257127157536,93704.46594405234,Hold,,,0.0053266288831124555,0
2024-12-30 03:43:00,93762.48,0.10236653770327081,93666.49859555927,Buy,,,0.0053266288831124555,0
2024-12-30 03:44:00,93766.87,0.06909513870804335,93702.08165111131,Hold,,,0.0053266288831124555,0
2024-12-30 03:45:00,93745.02,0.09925251051762735,93651.97571416476,Buy,,,0.0053266288831124555,0
2024-12-30 03:46:00,93836.13,-0.06312878941394656,93895.3676129019,Hold,,,0.0053266288831124555,0
2024-12-30 03:47:00,93773.12,0.006541334494705805,93766.98598655468,Hold,,,0.0053266288831124555,0
2024-12-30 03:48:00,93777.81,0.006462984846579709,93771.74915435024,Hold,,,0.0053266288831124555,0
2024-12-30 03:49:00,93794.51,-0.038867991849008375,93830.9660425016,Hold,,,0.0053266288831124555,0
2024-12-30 03:50:00,93784.6,0.036956181898287054,93749.94079263143,Hold,,,0.0053266288831124555,0
2024-12-30 03:51:00,93788.86,-0.03087718249028201,93817.81935745776,Hold,,,0.0053266288831124555,0
2024-12-30 03:52:00,93733.7,0.01814952890361117,93716.68777502608,Hold,,,0.0053266288831124555,0
2024-12-30 03:53:00,93722.99,0.04321668660158475,93682.48602913806,Hold,,,0.0053266288831124555,0
2024-12-30 03:54:00,93716.51,0.051906618148070065,93667.8649290126,Hold,,,0.0053266288831124555,0
2024-12-30 03:55:00,93704.34,0.04512008313295606,93662.06052389281,Hold,,,0.0053266288831124555,0
2024-12-30 03:56:00,93689.25,0.15571857413496917,93543.35843578225,Buy,,,0.0053266288831124555,0
2024-12-30 03:57:00,93704.36,0.07382610278650531,93635.18172287097,Hold,,,0.0053266288831124555,0
2024-12-30 03:58:00,93729.99,0.05039792680116007,93682.75202824907,Hold,,,0.0053266288831124555,0
2024-12-30 03:59:00,93736.21,0.06266324228204884,93677.4718516217,Hold,,,0.0053266288831124555,0
2024-12-30 04:00:00,93694.12,0.09760901153797454,93602.66609559879,Buy,,,0.0053266288831124555,0
2024-12-30 04:01:00,93773.66,0.015162921212616793,93759.44117381601,Hold,,,0.0053266288831124555,0
2024-12-30 04:02:00,93763.05,-0.030313831265643514,93791.47317276652,Hold,,,0.0053266288831124555,0
2024-12-30 04:03:00,93691.32,0.03379207694158465,93659.65975705802,Hold,,,0.0053266288831124555,0
2024-12-30 04:04:00,93701.43,0.014929039268294007,93687.44127672033,Hold,,,0.0053266288831124555,0
2024-12-30 04:05:00,93729.49,-0.026313828281245347,93754.1538170475,Hold,,,0.0053266288831124555,0
2024-12-30 04:06:00,93775.8,-0.0920452776823393,93862.11619550883,Hold,,,0.0053266288831124555,0
2024-12-30 04:07:00,93791.9,-0.09252668707069173,93878.68253781066,Hold,,,0.0053266288831124555,0
2024-12-30 04:08:00,93880.0,-0.16147195748220924,94031.58987368431,Sell,Sell,93880.0,0,500.06391954659733
2024-12-30 04:09:00,93866.74,-0.13848927231379962,93996.73536517068,Hold,,,0,500.06391954659733
2024-12-30 04:10:00,93878.93,-0.19617609712382403,94063.0980208956,Sell,,,0,500.06391954659733
2024-12-30 04:11:00,93915.63,-0.15218388341809835,94058.55445287057,Sell,,,0,500.06391954659733
2024-12-30 04:12:00,93943.39,-0.1935315681013514,94125.20011579458,Sell,,,0,500.06391954659733
2024-12-30 04:13:00,93835.71,-0.1540666921765064,93980.27957447735,Sell,,,0,500.06391954659733
2024-12-30 04:14:00,93821.65,-0.12722792562984991,93941.01733908668,Hold,,,0,500.06391954659733
2024-12-30 04:15:00,93792.39,-0.06752368440334694,93855.72207741796,Hold,,,0,500.06391954659733
2024-12-30 04:16:00,93752.98,0.023020911998186736,93731.39720897852,Hold,,,0,500.06391954659733
2024-12-30 04:17:00,93775.82,0.01768109447975316,93759.23940866665,Hold,,,0,500.06391954659733
2024-12-30 04:18:00,93740.5,0.14682874751004255,93602.86199794034,Buy,Buy,93740.5,0.0053345557101423325,0
2024-12-30 04:19:00,93763.04,0.10975226884143717,93660.13293626529,Buy,,,0.0053345557101423325,0
2024-12-30 04:20:00,93742.0,0.14463761097146374,93606.41381072313,Buy,,,0.0053345557101423325,0
2024-12-30 04:21:00,93733.7,0.1933459636188617,93552.46967449939,Buy,,,0.0053345557101423325,0
2024-12-30 04:22:00,93716.05,0.24015339238234168,93490.98772671827,Buy,,,0.0053345557101423325,0
2024-12-30 04:23:00,93700.0,0.14663736771894717,93562.60078644735,Buy,,,0.0053345557101423325,0
2024-12-30 04:24:00,93663.41,0.1699055489142501,93504.2706691077,Buy,,,0.0053345557101423325,0
2024-12-30 04:25:00,93579.71,0.2245911884039097,93369.53821720608,Buy,,,0.0053345557101423325,0
2024-12-30 04:26:00,93557.61,0.20988336710089903,93361.24813795288,Buy,,,0.0053345557101423325,0
2024-12-30 04:27:00,93497.94,0.30061846519273383,93216.86792778518,Buy,,,0.0053345557101423325,0
2024-12-30 04:28:00,93475.91,0.28281588083327935,93211.54528176658,Buy,,,0.0053345557101423325,0
2024-12-30 04:29:00,93555.98,0.2199736578294221,93350.18148867584,Buy,,,0.0053345557101423325,0
2024-12-30 04:30:00,93555.95,0.2004275308092466,93368.43811948986,Buy,,,0.0053345557101423325,0
2024-12-30 04:31:00,93562.56,0.18278251126212378,93391.54400323087,Buy,,,0.0053345557101423325,0
2024-12-30 04:32:00,93536.04,0.1911242746353728,93357.26992202735,Buy,,,0.0053345557101423325,0
2024-12-30 04:33:00,93545.8,0.16615763452626048,93390.36651152134,Buy,,,0.0053345557101423325,0
2024-12-30 04:34:00,93599.0,0.06803063036920069,93535.32401028073,Hold,,,0.0053345557101423325,0
2024-12-30 04:35:00,93565.44,0.01671532437158184,93549.8002332043,Hold,,,0.0053345557101423325,0
2024-12-30 04:36:00,93609.8,-0.0556073276239254,93661.8539081741,Hold,,,0.0053345557101423325,0
2024-12-30 04:37:00,93564.01,-0.07094396598138497,93630.38801942523,Hold,,,0.0053345557101423325,0
2024-12-30 04:38:00,93580.0,-0.11215341278089451,93684.95316368037,Hold,,,0.0053345557101423325,0
2024-12-30 04:40:00,93622.66,-0.07254008678834088,93690.57395881756,Hold,,,0.0053345557101423325,0
2024-12-30 04:41:00,93627.74,-0.07521457126210943,93698.16170322342,Hold,,,0.0053345557101423325,0
2024-12-30 04:42:00,93614.15,-0.05542011142708829,93666.03106624153,Hold,,,0.0053345557101423325,0
2024-12-30 04:43:00,93673.84,-0.14653773724544064,93811.10752552691,Sell,Sell,93673.84,0,499.7083180629592
2024-12-30 04:44:00,93636.19,-0.0970304211996382,93727.0455895523,Hold,,,0,499.7083180629592
2024-12-30 04:45:00,93616.3,-0.02250781786234137,93637.37098629348,Hold,,,0,499.7083180629592
2024-12-30 04:46:00,93618.68,-0.058110641483575136,93673.08241549645,Hold,,,0,499.7083180629592
2024-12-30 04:47:00,93669.61,-0.06360136763024779,93729.18515301391,Hold,,,0,499.7083180629592
2024-12-30 04:48:00,93602.0,-0.039567491482920755,93639.03596337786,Hold,,,0,499.7083180629592
2024-12-30 04:49:00,93551.3,0.02942881080650557,93523.76896491597,Hold,,,0,499.7083180629592
2024-12-30 04:50:00,93506.67,0.12351454673566441,93391.1756603819,Buy,Buy,93506.67,0.00534409275897601,0
2024-12-30 04:51:00,93515.41,0.11878083053360103,93404.3316193251,Buy,,,0.00534409275897601,0
2024-12-30 04:52:00,93481.52,0.14093563428905428,93349.77122684495,Buy,,,0.00534409275897601,0
2024-12-30 04:53:00,93469.57,0.21924702726446652,93264.64074637812,Buy,,,0.00534409275897601,0
2024-12-30 04:54:00,93429.4,0.2208701729513786,93223.04232263255,Buy,,,0.00534409275897601,0
2024-12-30 04:55:00,93434.36,0.19496150584170352,93252.19896477045,Buy,,,0.00534409275897601,0
2024-12-30 04:56:00,93408.45,0.2253901416126666,93197.9165622668,Buy,,,0.00534409275897601,0
2024-12-30 04:57:00,93377.93,0.31384830515090756,93084.86494931,Buy,,,0.00534409275897601,0
2024-12-30 04:58:00,93340.55,0.28036173436657097,93078.85881515271,Buy,,,0.00534409275897601,0
2024-12-30 04:59:00,93308.99,0.25947097138576625,93066.88025725675,Buy,,,0.00534409275897601,0
2024-12-30 05:00:00,93301.0,0.21841469185443263,93097.2169083529,Buy,,,0.00534409275897601,0
2024-12-30 05:01:00,93271.33,0.2603044371820398,93028.5405893913,Buy,,,0.00534409275897601,0
2024-12-30 05:02:00,93254.25,0.24236661907313162,93028.23282713299,Buy,,,0.00534409275897601,0
2024-12-30 05:03:00,93299.63,0.18231410605290457,93129.53161361483,Buy,,,0.00534409275897601,0
2024-12-30 05:04:00,93333.65,0.10249099104810053,93237.99141713363,Buy,,,0.00534409275897601,0
2024-12-30 05:05:00,93333.65,0.10714962772603567,93233.64334148187,Buy,,,0.00534409275897601,0
2024-12-30 05:06:00,93364.19,0.048330390780088835,93319.06672212433,Hold,,,0.00534409275897601,0
2024-12-30 05:07:00,93367.59,0.012473390467755738,93355.94389592895,Hold,,,0.00534409275897601,0
2024-12-30 05:08:00,93361.38,-0.021991318303830186,93381.91139824865,Hold,,,0.00534409275897601,0
2024-12-30 05:09:00,93394.36,-0.09212625705117919,93480.4007281649,Hold,,,0.00534409275897601,0
2024-12-30 05:10:00,93428.66,-0.13772915864375906,93557.33850735014,Hold,,,0.00534409275897601,0
2024-12-30 05:11:00,93451.5,-0.19339602137319128,93632.23148291356,Sell,Sell,93451.5,0,499.4134844654466
2024-12-30 05:12:00,93398.13,-0.1529000235213227,93540.93576273849,Sell,,,0,499.4134844654466
2024-12-30 05:13:00,93427.37,-0.1387269701068386,93556.9789596515,Hold,,,0,499.4134844654466
2024-12-30 05:14:00,93419.73,-0.09163272132727682,93505.33304085559,Hold,,,0,499.4134844654466
2024-12-30 05:15:00,93414.16,-0.0848594100582892,93493.43070508691,Hold,,,0,499.4134844654466
2024-12-30 05:16:00,93481.47,-0.12676202069919035,93599.96900035131,Hold,,,0,499.4134844654466
2024-12-30 05:17:00,93473.62,-0.115290760191114,93581.38644707616,Hold,,,0,499.4134844654466
2024-12-30 05:18:00,93410.87,-0.05168708822705865,93459.15135879055,Hold,,,0,499.4134844654466
2024-12-30 05:19:00,93300.01,0.1012266990315511,93205.56547968088,Buy,Buy,93300.01,0.005352769892151637,0
2024-12-30 05:20:00,93316.66,0.11925198228165573,93205.37803315098,Buy,,,0.005352769892151637,0
2024-12-30 05:21:00,93365.31,0.09223041773128765,93279.1987845709,Buy,,,0.005352769892151637,0
2024-12-30 05:22:00,93322.83,0.08218801144279171,93246.12982180086,Hold,,,0.005352769892151637,0
2024-12-30 05:23:00,93356.46,0.0763790006427143,93285.1552688166,Hold,,,0.005352769892151637,0
2024-12-30 05:24:00,93313.22,0.11555457660447105,93205.392303713,Buy,,,0.005352769892151637,0
2024-12-30 05:25:00,93264.57,0.15941572596815912,93115.89160866343,Buy,,,0.005352769892151637,0
2024-12-30 05:26:00,93309.99,0.18355419059702172,93138.71560310935,Buy,,,0.005352769892151637,0
2024-12-30 05:27:00,93264.14,0.22531221918405805,93054.00449646307,Buy,,,0.005352769892151637,0
2024-12-30 05:28:00,93240.11,0.183058803222652,93069.42577051053,Buy,,,0.005352769892151637,0
2024-12-30 05:29:00,93261.98,0.038259941465394756,93226.29802104253,Hold,,,0.005352769892151637,0
2024-12-30 05:30:00,93275.41,0.043796926980910506,93234.55823679116,Hold,,,0.005352769892151637,0
2024-12-30 05:31:00,93337.65,0.02962745945041174,93309.99642559428,Hold,,,0.005352769892151637,0
2024-12-30 05:32:00,93339.13,-0.016914163718797615,93354.91753326192,Hold,,,0.005352769892151637,0
2024-12-30 05:33:00,93278.92,0.08409519705857907,93200.47690841189,Hold,,,0.005352769892151637,0
2024-12-30 05:34:00,93293.48,0.020527500870801577,93274.32918008059,Hold,,,0.005352769892151637,0
2024-12-30 05:35:00,93363.11,-0.105365992821804,93461.48296778082,Hold,,,0.005352769892151637,0
2024-12-30 05:36:00,93372.0,-0.0659602089440027,93433.5883662952,Hold,,,0.005352769892151637,0
2024-12-30 05:37:00,93328.0,-0.06883705024915691,93392.24424225654,Hold,,,0.005352769892151637,0
2024-12-30 05:38:00,93317.37,-0.0817323671438516,93393.6404954574,Hold,,,0.005352769892151637,0
2024-12-30 05:39:00,93320.58,-0.06353362831555948,93379.86995043911,Hold,,,0.005352769892151637,0
2024-12-30 05:40:00,93344.02,-0.07395504643565218,93413.05261333591,Hold,,,0.005352769892151637,0
2024-12-30 05:41:00,93405.36,-0.0733292103121636,93473.85341287723,Hold,,,0.005352769892151637,0
2024-12-30 05:42:00,93427.79,-0.0949328356515078,93516.48365033354,Hold,,,0.005352769892151637,0
2024-12-30 05:43:00,93486.5,-0.22215358134413382,93694.18360782329,Sell,Sell,93486.5,0,500.41172252263397
2024-12-30 05:44:00,93399.93,-0.1140179214772981,93506.42265884724,Hold,,,0,500.41172252263397
2024-12-30 05:45:00,93399.89,-0.04190016685436272,93439.0247097518,Hold,,,0,500.41172252263397
2024-12-30 05:46:00,93495.61,-0.13298346113545786,93619.94369818771,Hold,,,0,500.41172252263397
2024-12-30 05:47:00,93498.25,-0.18298106342233694,93669.33409213128,Sell,,,0,500.41172252263397
2024-12-30 05:48:00,93481.85,-0.17566262748563666,93646.06267393217,Sell,,,0,500.41172252263397
2024-12-30 05:49:00,93436.66,-0.1245799159537164,93553.06331249796,Hold,,,0,500.41172252263397
2024-12-30 05:50:00,93499.37,-0.16665895012254028,93655.19506841317,Sell,,,0,500.41172252263397
2024-12-30 05:51:00,93480.54,-0.07992088928713822,93555.25047887841,Hold,,,0,500.41172252263397
2024-12-30 05:52:00,93511.59,-0.08897134510592979,93594.78851945294,Hold,,,0,500.41172252263397
2024-12-30 05:53:00,93528.27,-0.04602872189626663,93571.3198672927,Hold,,,0,500.41172252263397
2024-12-30 05:54:00,93564.59,-0.17572838391767656,93729.0095419262,Sell,,,0,500.41172252263397
2024-12-30 05:55:00,93517.12,-0.126409102826865,93635.33415238152,Hold,,,0,500.41172252263397
2024-12-30 05:56:00,93471.71,0.025574094223725398,93447.80545681209,Hold,,,0,500.41172252263397
2024-12-30 05:57:00,93506.22,-0.0082517474939907,93513.93589716557,Hold,,,0,500.41172252263397
2024-12-30 05:58:00,93549.0,-0.07132516683250772,93615.72398032014,Hold,,,0,500.41172252263397
2024-12-30 05:59:00,93557.42,-0.12979323312040691,93678.85120024205,Hold,,,0,500.41172252263397
2024-12-30 06:00:00,93578.02,-0.08244415643415197,93655.16960919678,Hold,,,0,500.41172252263397
2024-12-30 06:01:00,93604.12,-0.13212448394669202,93727.79396050282,Hold,,,0,500.41172252263397
2024-12-30 06:02:00,93594.05,-0.08886846843893553,93677.22559878498,Hold,,,0,500.41172252263397
2024-12-30 06:03:00,93578.15,-0.05354209777834169,93628.25370457217,Hold,,,0,500.41172252263397
2024-12-30 06:04:00,93600.83,-0.03796716651052001,93636.36758298133,Hold,,,0,500.41172252263397
2024-12-30 06:05:00,93607.52,-0.09689958039006001,93698.22529409354,Hold,,,0,500.41172252263397
2024-12-30 06:06:00,93552.17,-0.08539809701432123,93632.0617728956,Hold,,,0,500.41172252263397
2024-12-30 06:07:00,93557.61,-0.055575842369053705,93609.60542985787,Hold,,,0,500.41172252263397
2024-12-30 06:08:00,93528.26,0.022337305226268474,93507.36830709098,Hold,,,0,500.41172252263397
2024-12-30 06:09:00,93535.23,0.024185141797711415,93512.60837199367,Hold,,,0,500.41172252263397
2024-12-30 06:10:00,93538.54,0.040306093595119226,93500.83826852008,Hold,,,0,500.41172252263397
2024-12-30 06:11:00,93535.23,0.0727693876058985,93467.16498593322,Hold,,,0,500.41172252263397
2024-12-30 06:12:00,93583.53,0.010712831494813313,93573.5045541242,Hold,,,0,500.41172252263397
2024-12-30 06:13:00,93585.71,-0.006972752623124864,93592.2355000489,Hold,,,0,500.41172252263397
2024-12-30 06:14:00,93671.1,-0.07562268494604621,93741.93660083851,Hold,,,0,500.41172252263397
2024-12-30 06:15:00,93800.0,-0.20526417765294133,93992.53779863846,Sell,,,0,500.41172252263397
2024-12-30 06:16:00,93860.01,-0.32636359482054145,94166.33490273492,Sell,,,0,500.41172252263397
2024-12-30 06:17:00,93876.73,-0.34085852807546696,94196.71684008338,Sell,,,0,500.41172252263397
2024-12-30 06:18:00,93880.43,-0.37182111618723057,94229.49726270737,Sell,,,0,500.41172252263397
2024-12-30 06:19:00,93871.67,-0.3553064870692531,94205.20213303024,Sell,,,0,500.41172252263397
2024-12-30 06:20:00,93858.89,-0.34068694270012256,94178.65498279328,Sell,,,0,500.41172252263397
2024-12-30 06:21:00,93922.24,-0.4088646723443217,94306.25485883444,Sell,,,0,500.41172252263397
2024-12-30 06:22:00,93953.27,-0.38778705309689976,94317.60861702118,Sell,,,0,500.41172252263397
2024-12-30 06:23:00,94060.34,-0.49986533321498966,94530.51503196415,Sell,,,0,500.41172252263397
2024-12-30 06:24:00,93939.23,-0.28447925464513246,94206.46762132338,Sell,,,0,500.41172252263397
2024-12-30 06:25:00,93952.46,-0.16425979049382738,94106.78611395981,Sell,,,0,500.41172252263397
2024-12-30 06:26:00,93860.0,-0.0014575258922670158,93861.36803380249,Hold,,,0,500.41172252263397
2024-12-30 06:27:00,93931.94,-0.05820034039562797,93986.60870882022,Hold,,,0,500.41172252263397
2024-12-30 06:28:00,93900.01,-0.020428566599166868,93919.19242607946,Hold,,,0,500.41172252263397
2024-12-30 06:29:00,93902.32,-0.03272222225128643,93933.04692584951,Hold,,,0,500.41172252263397
2024-12-30 06:30:00,93852.26,0.008381474825019572,93844.39379645539,Hold,,,0,500.41172252263397
2024-12-30 06:31:00,93924.47,-0.0015001771913145457,93925.87903347601,Hold,,,0,500.41172252263397
2024-12-30 06:32:00,93930.67,0.022591401278698315,93909.44974541654,Hold,,,0,500.41172252263397
2024-12-30 06:33:00,93904.66,0.16485857988569205,93749.85011107751,Buy,Buy,93904.66,0.0053289338625222005,0
2024-12-30 06:34:00,93817.8,0.1299712027653197,93695.86387693204,Buy,,,0.0053289338625222005,0
2024-12-30 06:35:00,93923.94,0.033365565681469894,93892.60174610869,Hold,,,0.0053289338625222005,0
2024-12-30 06:36:00,93891.99,-0.0372822639701548,93926.99505955863,Hold,,,0.0053289338625222005,0
2024-12-30 06:37:00,93868.01,0.06484771331715734,93807.13874197866,Hold,,,0.0053289338625222005,0
2024-12-30 06:38:00,93858.35,0.04408548344982113,93816.97209264449,Hold,,,0.0053289338625222005,0
2024-12-30 06:39:00,93800.0,0.11018877741281141,93696.64292678678,Buy,,,0.0053289338625222005,0
2024-12-30 06:40:00,93832.0,0.02401169384712222,93809.46934742936,Hold,,,0.0053289338625222005,0
2024-12-30 06:41:00,93827.5,0.10382786018177789,93730.08091448793,Buy,,,0.0053289338625222005,0
2024-12-30 06:42:00,93828.96,0.10773275862659747,93727.87547300136,Buy,,,0.0053289338625222005,0
2024-12-30 06:43:00,93867.11,0.03968721395667689,93829.85675921936,Hold,,,0.0053289338625222005,0
2024-12-30 06:44:00,93848.22,-0.03175016603886785,93878.01696567453,Hold,,,0.0053289338625222005,0
2024-12-30 06:45:00,93806.01,0.12659530194697444,93687.25599839608,Buy,,,0.0053289338625222005,0
2024-12-30 06:46:00,93766.37,0.13498578710982057,93639.7987274112,Buy,,,0.0053289338625222005,0
2024-12-30 06:47:00,93748.0,0.13110815062798323,93625.08873094928,Buy,,,0.0053289338625222005,0
2024-12-30 06:48:00,93763.05,0.10294668276201492,93666.5240503685,Buy,,,0.0053289338625222005,0
2024-12-30 06:49:00,93779.68,0.02700406904281372,93754.35567046466,Hold,,,0.0053289338625222005,0
2024-12-30 06:50:00,93843.86,-0.01340517850871086,93856.43993695248,Hold,,,0.0053289338625222005,0
2024-12-30 06:51:00,93880.44,-0.054933898835114514,93932.01218593556,Hold,,,0.0053289338625222005,0
2024-12-30 06:52:00,93872.73,-0.04542232755932187,93915.36917890949,Hold,,,0.0053289338625222005,0
2024-12-30 06:53:00,93843.26,0.025229782096357553,93819.58354998988,Hold,,,0.0053289338625222005,0
2024-12-30 06:54:00,93858.41,-0.009761635283749343,93867.57211566732,Hold,,,0.0053289338625222005,0
2024-12-30 06:55:00,93835.01,-0.030681992411020226,93863.80045064709,Hold,,,0.0053289338625222005,0
2024-12-30 06:56:00,93860.29,-0.09928898989091278,93953.48293384968,Hold,,,0.0053289338625222005,0
2024-12-30 06:57:00,93851.78,-0.11013362291384904,93955.14236548315,Hold,,,0.0053289338625222005,0
2024-12-30 06:58:00,93860.02,-0.10221773792787783,93955.96158926265,Hold,,,0.0053289338625222005,0
2024-12-30 06:59:00,93902.89,-0.13153508409740525,94026.40524533139,Hold,,,0.0053289338625222005,0
2024-12-30 07:00:00,93885.68,-0.044377268802091446,93927.34390058026,Hold,,,0.0053289338625222005,0
2024-12-30 07:01:00,93823.89,0.059275418060168984,93768.27549696219,Hold,,,0.0053289338625222005,0
2024-12-30 07:02:00,93808.87,0.06715477053898487,93745.87286860628,Hold,,,0.0053289338625222005,0
2024-12-30 07:03:00,93839.06,0.003120508497414534,93836.1317441588,Hold,,,0.0053289338625222005,0
2024-12-30 07:04:00,93876.9,-0.020470021421499583,93896.11662153983,Hold,,,0.0053289338625222005,0
2024-12-30 07:05:00,93909.33,-0.07899300802638454,93983.51180458443,Hold,,,0.0053289338625222005,0
2024-12-30 07:06:00,93880.44,-0.02167419139574351,93900.78782624876,Hold,,,0.0053289338625222005,0
2024-12-30 07:07:00,93904.3,-0.05684536593161891,93957.68024296053,Hold,,,0.0053289338625222005,0
2024-12-30 07:08:00,93897.4,-0.03852960818551808,93933.57830031638,Hold,,,0.0053289338625222005,0
2024-12-30 07:09:00,93851.09,0.05480437228133188,93799.6554992463,Hold,,,0.0053289338625222005,0
2024-12-30 07:10:00,93865.47,0.020969589897821522,93845.78679588533,Hold,,,0.0053289338625222005,0
2024-12-30 07:11:00,93858.29,-0.03529467440667427,93891.41697785917,Hold,,,0.0053289338625222005,0
2024-12-30 07:12:00,93845.35,-0.039698602533483465,93882.60529249266,Hold,,,0.0053289338625222005,0
2024-12-30 07:13:00,93796.08,0.04481126830207084,93754.04878693438,Hold,,,0.0053289338625222005,0
2024-12-30 07:14:00,93806.57,0.0756199770506644,93735.633493294,Hold,,,0.0053289338625222005,0
2024-12-30 07:15:00,93802.56,0.11263399015424647,93696.90643380517,Buy,,,0.0053289338625222005,0
2024-12-30 07:16:00,93819.37,0.06481353629178806,93758.56234857632,Hold,,,0.0053289338625222005,0
2024-12-30 07:17:00,93767.43,0.1445856687244346,93631.85573428877,Buy,,,0.0053289338625222005,0
2024-12-30 07:18:00,93748.0,0.15847599234579196,93599.43192669566,Buy,,,0.0053289338625222005,0
2024-12-30 07:19:00,93766.93,0.09161871902550063,93681.02193986445,Buy,,,0.0053289338625222005,0
2024-12-30 07:20:00,93733.7,0.1404068500683776,93602.09146437746,Buy,,,0.0053289338625222005,0
2024-12-30 07:21:00,93763.05,0.10136534179696614,93668.00676388825,Buy,,,0.0053289338625222005,0
2024-12-30 07:22:00,93733.69,0.11882956593075282,93622.30666304212,Buy,,,0.0053289338625222005,0
2024-12-30 07:23:00,93733.7,0.06803533973566156,93669.9279587582,Hold,,,0.0053289338625222005,0
2024-12-30 07:24:00,93715.09,0.09762400400218971,93623.60157678774,Buy,,,0.0053289338625222005,0
2024-12-30 07:25:00,93659.34,0.15466905334007056,93514.47798545743,Buy,,,0.0053289338625222005,0
2024-12-30 07:26:00,93655.8,0.17232800911039675,93494.40482444358,Buy,,,0.0053289338625222005,0
2024-12-30 07:27:00,93575.44,0.2060737252107224,93382.60560490968,Buy,,,0.0053289338625222005,0
2024-12-30 07:28:00,93513.59,0.25028686627038066,93279.53776605206,Buy,,,0.0053289338625222005,0
2024-12-30 07:29:00,93565.39,0.21249580740242136,93366.56746907027,Buy,,,0.0053289338625222005,0
2024-12-30 07:30:00,93561.01,0.18787579768239293,93385.2315061428,Buy,,,0.0053289338625222005,0
2024-12-30 07:31:00,93508.9,0.2716112080539958,93254.91934707199,Buy,,,0.0053289338625222005,0
2024-12-30 07:32:00,93500.0,0.24845469660633795,93267.69485867307,Buy,,,0.0053289338625222005,0
2024-12-30 07:33:00,93465.49,0.2880019405357766,93196.30757506873,Buy,,,0.0053289338625222005,0
2024-12-30 07:34:00,93385.9,0.3508443777449082,93058.26082024351,Buy,,,0.0053289338625222005,0
2024-12-30 07:35:00,93392.34,0.28548792026012787,93125.71615085173,Buy,,,0.0053289338625222005,0
2024-12-30 07:36:00,93369.03,0.30675594798183886,93082.61494690205,Buy,,,0.0053289338625222005,0
2024-12-30 07:37:00,93377.07,0.21191780052580347,93179.18736706056,Buy,,,0.0053289338625222005,0
2024-12-30 07:38:00,93409.69,0.11139766927882298,93305.63378245942,Buy,,,0.0053289338625222005,0
2024-12-30 07:39:00,93514.3,0.05286780424134005,93464.86104293834,Hold,,,0.0053289338625222005,0
2024-12-30 07:40:00,93588.79,-0.026658047925343164,93613.73894449095,Hold,,,0.0053289338625222005,0
2024-12-30 07:41:00,93613.76,-0.11261067364538256,93719.17908576077,Hold,,,0.0053289338625222005,0
2024-12-30 07:42:00,93616.29,-0.1240763320345536,93732.44565881882,Hold,,,0.0053289338625222005,0
2024-12-30 07:43:00,93601.3,-0.14449604346239006,93736.55017512936,Sell,Sell,93601.3,0,498.79513714609925
2024-12-30 07:44:00,93582.75,-0.21012689247042737,93779.39252446336,Sell,,,0,498.79513714609925
2024-12-30 07:45:00,93690.0,-0.3207546186183191,93990.5150021835,Sell,,,0,498.79513714609925
2024-12-30 07:46:00,93691.59,-0.34313365482842056,94013.07737703387,Sell,,,0,498.79513714609925
2024-12-30 07:47:00,93598.96,-0.23871127310605406,93822.39126903003,Sell,,,0,498.79513714609925
2024-12-30 07:48:00,93524.77,-0.12444890916177986,93641.16055606108,Hold,,,0,498.79513714609925
2024-12-30 07:49:00,93540.12,-0.029923058911039177,93568.11006521304,Hold,,,0,498.79513714609925
2024-12-30 07:50:00,93561.8,0.02793209710980544,93535.66622716632,Hold,,,0,498.79513714609925
2024-12-30 07:51:00,93583.81,0.03081490268475148,93554.97224001982,Hold,,,0,498.79513714609925
2024-12-30 07:52:00,93577.09,0.04157955554275221,93538.18106188816,Hold,,,0,498.79513714609925
2024-12-30 07:53:00,93575.32,0.027575180166559746,93549.51643691857,Hold,,,0,498.79513714609925
2024-12-30 07:54:00,93658.73,-0.0803801760913864,93734.01305209895,Hold,,,0,498.79513714609925
2024-12-30 07:55:00,93616.3,0.07800507743861726,93543.27453268984,Hold,,,0,498.79513714609925
2024-12-30 07:56:00,93659.34,0.034788742745247486,93626.7570931505,Hold,,,0,498.79513714609925
2024-12-30 07:57:00,93678.25,-0.0838703015979273,93756.81823080666,Hold,,,0,498.79513714609925
2024-12-30 07:58:00,93755.92,-0.24597074430835286,93986.53213425714,Sell,,,0,498.79513714609925
2024-12-30 07:59:00,93731.65,-0.20322657832765575,93922.13762510504,Sell,,,0,498.79513714609925
2024-12-30 08:00:00,93775.82,-0.22867817014704475,93990.2648292164,Sell,,,0,498.79513714609925
2024-12-30 08:01:00,93844.65,-0.2801062218896704,94107.51470356058,Sell,,,0,498.79513714609925
2024-12-30 08:02:00,93858.17,-0.302974564600037,94142.53638189907,Sell,,,0,498.79513714609925
2024-12-30 08:03:00,93799.41,-0.24078311571560287,94025.26314192086,Sell,,,0,498.79513714609925
2024-12-30 08:04:00,93774.84,-0.12619102949047098,93893.17543599904,Hold,,,0,498.79513714609925
2024-12-30 08:05:00,93830.29,-0.2276055155620817,94043.8529153079,Sell,,,0,498.79513714609925
2024-12-30 08:06:00,93803.74,-0.15421294318832596,93948.39750827473,Sell,,,0,498.79513714609925
2024-12-30 08:07:00,93789.0,-0.11946848189492497,93901.04829448443,Hold,,,0,498.79513714609925
2024-12-30 08:08:00,93802.09,-0.050970812390862895,93849.90168731261,Hold,,,0,498.79513714609925
2024-12-30 08:09:00,93824.81,-0.09925181292721902,93917.93282490052,Hold,,,0,498.79513714609925
2024-12-30 08:10:00,93841.22,-0.06883673450080867,93905.8172314637,Hold,,,0,498.79513714609925
2024-12-30 08:11:00,93811.47,0.03535396280925446,93778.30392778538,Hold,,,0,498.79513714609925
2024-12-30 08:12:00,93776.59,0.0856739203374891,93696.24791898819,Hold,,,0,498.79513714609925
2024-12-30 08:13:00,93777.57,0.02380365683680143,93755.24750904732,Hold,,,0,498.79513714609925
2024-12-30 08:14:00,93776.0,-0.0003044233661077534,93776.28547605581,Hold,,,0,498.79513714609925
2024-12-30 08:15:00,93819.53,0.010664068778771012,93809.52502079288,Hold,,,0,498.79513714609925
2024-12-30 08:16:00,93801.3,0.004093961651206797,93797.45981074967,Hold,,,0,498.79513714609925
2024-12-30 08:17:00,93836.19,-0.05016130502077753,93883.25945748578,Hold,,,0,498.79513714609925
2024-12-30 08:18:00,93847.94,-0.048639138511140205,93893.58682952645,Hold,,,0,498.79513714609925
2024-12-30 08:19:00,93834.52,-0.009054415074686852,93843.01616692414,Hold,,,0,498.79513714609925
2024-12-30 08:20:00,93780.44,0.06321623699447784,93721.15553479514,Hold,,,0,498.79513714609925
2024-12-30 08:21:00,93813.94,-0.002539087870440727,93816.32201837133,Hold,,,0,498.79513714609925
2024-12-30 08:22:00,93803.97,-0.02849921766315382,93830.70339758697,Hold,,,0,498.79513714609925
2024-12-30 08:23:00,93811.72,-0.03743798252011434,93846.84121533541,Hold,,,0,498.79513714609925
2024-12-30 08:24:00,93833.84,-0.06109293681058228,93891.16584857814,Hold,,,0,498.79513714609925
2024-12-30 08:25:00,93885.32,-0.06938319052001814,93950.46063044593,Hold,,,0,498.79513714609925
2024-12-30 08:26:00,93917.77,-0.12409759797129583,94034.31969663821,Hold,,,0,498.79513714609925
2024-12-30 08:27:00,93844.0,-0.00841558265126053,93851.89751938324,Hold,,,0,498.79513714609925
2024-12-30 08:28:00,93867.05,-0.021691658503165,93887.411319933,Hold,,,0,498.79513714609925
2024-12-30 08:29:00,93835.7,-0.0014593293441311505,93837.06937190535,Hold,,,0,498.79513714609925
2024-12-30 08:30:00,93815.06,-0.03684062781981005,93849.62205709353,Hold,,,0,498.79513714609925
2024-12-30 08:31:00,93782.06,0.0353613934886234,93748.89735674167,Hold,,,0,498.79513714609925
2024-12-30 08:33:00,93738.78,0.06946905108288493,93673.66055903732,Hold,,,0,498.79513714609925
2024-12-30 08:34:00,93725.16,0.0926693173012691,93638.30553408849,Buy,Buy,93725.16,0.005321891551277151,0
2024-12-30 08:35:00,93757.21,0.08346524899434016,93678.95531122336,Hold,,,0.005321891551277151,0
2024-12-30 08:36:00,93798.59,0.09450025668687913,93709.95009168133,Buy,,,0.005321891551277151,0
2024-12-30 08:37:00,93802.55,0.12305760864422943,93687.1188251227,Buy,,,0.005321891551277151,0
2024-12-30 08:38:00,93878.59,-0.03465427999386046,93911.12294943287,Hold,,,0.005321891551277151,0
2024-12-30 08:39:00,93955.17,-0.09341122899171504,94042.93467899825,Hold,,,0.005321891551277151,0
2024-12-30 08:40:00,93934.55,-0.1048533068779985,94033.04348197597,Hold,,,0.005321891551277151,0
2024-12-30 08:41:00,93918.4,-0.11059828418574533,94022.27213893468,Hold,,,0.005321891551277151,0
2024-12-30 08:42:00,93876.28,-0.10022092293556523,93970.36367423357,Hold,,,0.005321891551277151,0
2024-12-30 08:43:00,93868.24,-0.13850999738089312,93998.2568967655,Hold,,,0.005321891551277151,0
2024-12-30 08:44:00,93838.51,-0.12067746168865184,93951.75193195444,Hold,,,0.005321891551277151,0
2024-12-30 08:45:00,93851.02,-0.09881329228188199,93943.75728270212,Hold,,,0.005321891551277151,0
2024-12-30 08:46:00,93909.6,-0.11794730195320735,94020.36383947505,Hold,,,0.005321891551277151,0
2024-12-30 08:47:00,93931.22,-0.13758112488779267,94060.45162909683,Hold,,,0.005321891551277151,0
2024-12-30 08:48:00,93908.76,-0.031790656458157686,93938.61421127571,Hold,,,0.005321891551277151,0
2024-12-30 08:49:00,93888.55,0.07051974289111916,93822.3400359358,Hold,,,0.005321891551277151,0
2024-12-30 08:50:00,93861.43,0.07679354071953597,93789.350484533,Hold,,,0.005321891551277151,0
2024-12-30 08:51:00,93853.23,0.0671798406016384,93790.17954968651,Hold,,,0.005321891551277151,0
2024-12-30 08:52:00,93897.63,-0.02280054242746202,93919.03916896654,Hold,,,0.005321891551277151,0
2024-12-30 08:53:00,93885.71,-0.018197427971652618,93902.79478445293,Hold,,,0.005321891551277151,0
2024-12-30 08:54:00,93885.72,-0.04965136839462259,93932.33554470715,Hold,,,0.005321891551277151,0
2024-12-30 08:55:00,93876.33,-0.026448543282843504,93901.1589217724,Hold,,,0.005321891551277151,0
2024-12-30 08:56:00,93908.01,0.0016980985999781226,93906.41534939692,Hold,,,0.005321891551277151,0
2024-12-30 08:57:00,93897.84,0.036293706307414526,93863.7609937214,Hold,,,0.005321891551277151,0
2024-12-30 08:58:00,93893.77,0.015322267929356214,93879.38334499164,Hold,,,0.005321891551277151,0
2024-12-30 08:59:00,93872.01,0.017756140923089195,93855.34195361705,Hold,,,0.005321891551277151,0
2024-12-30 09:00:00,93859.8,0.002656455196896909,93857.30665646511,Hold,,,0.005321891551277151,0
2024-12-30 09:01:00,93800.0,0.057703263916242115,93745.87433844656,Hold,,,0.005321891551277151,0
2024-12-30 09:02:00,93757.39,0.14849900624342285,93618.16120757023,Buy,,,0.005321891551277151,0
2024-12-30 09:03:00,93789.59,0.10211405753117737,93693.81764410913,Buy,,,0.005321891551277151,0
2024-12-30 09:04:00,93888.56,0.0010476000744703002,93887.57642337552,Hold,,,0.005321891551277151,0
2024-12-30 09:05:00,93866.22,0.010980736251235572,93855.9127979528,Hold,,,0.005321891551277151,0
2024-12-30 09:06:00,93777.48,0.13886399337191876,93647.25684638844,Buy,,,0.005321891551277151,0
2024-12-30 09:07:00,93777.63,0.12902785388184573,93656.63073658975,Buy,,,0.005321891551277151,0
2024-12-30 09:08:00,93763.05,0.1388289063598113,93632.8797831154,Buy,,,0.005321891551277151,0
2024-12-30 09:09:00,93778.15,0.09956509533475262,93684.77969554932,Buy,,,0.005321891551277151,0
2024-12-30 09:10:00,93780.0,0.08408834178405133,93701.14195307491,Hold,,,0.005321891551277151,0
2024-12-30 09:11:00,93754.91,0.04757228744790159,93710.30864471827,Hold,,,0.005321891551277151,0
2024-12-30 09:12:00,93747.87,0.010641352941631344,93737.89395827803,Hold,,,0.005321891551277151,0
2024-12-30 09:13:00,93762.01,0.02980718649937852,93734.06218281374,Hold,,,0.005321891551277151,0
2024-12-30 09:14:00,93776.01,0.11929059960487459,93664.14403538547,Buy,,,0.005321891551277151,0
2024-12-30 09:15:00,93849.57,0.01743059039256523,93833.21146586812,Hold,,,0.005321891551277151,0
2024-12-30 09:16:00,93909.79,-0.1416231013715445,94042.78795708949,Sell,Sell,93909.79,0,499.77771798321146
2024-12-30 09:17:00,93841.41,-0.06933330897287436,93906.4733547398,Hold,,,0,499.77771798321146
2024-12-30 09:18:00,93836.85,-0.07796356037114348,93910.00854920014,Hold,,,0,499.77771798321146
2024-12-30 09:19:00,93747.87,0.030810574472647772,93718.98574269713,Hold,,,0,499.77771798321146
2024-12-30 09:20:00,93706.04,0.07780804386269645,93633.1291632948,Hold,,,0,499.77771798321146
2024-12-30 09:21:00,93756.83,-0.0005510615216277846,93757.34665781404,Hold,,,0,499.77771798321146
2024-12-30 09:22:00,93718.93,0.03189249807019867,93689.04069205833,Hold,,,0,499.77771798321146
2024-12-30 09:23:00,93734.7,0.029132383866557726,93707.39284737983,Hold,,,0,499.77771798321146
2024-12-30 09:24:00,93739.24,0.03883954919674159,93702.83210176355,Hold,,,0,499.77771798321146
2024-12-30 09:25:00,93725.83,0.13068544362322496,93603.34398327496,Buy,Buy,93725.83,0.005332337072749438,0
2024-12-30 09:26:00,93729.51,0.19200616437163848,93549.54356296467,Buy,,,0.005332337072749438,0
2024-12-30 09:27:00,93792.4,0.05072549966961629,93744.82333644787,Hold,,,0.005332337072749438,0
2024-12-30 09:28:00,93949.0,-0.12014714491574291,94061.8770411769,Hold,,,0.005332337072749438,0
2024-12-30 09:29:00,93912.8,-0.1756490722927822,94077.75696196417,Sell,Sell,93912.8,0,500.77470504570346
2024-12-30 09:30:00,93902.45,-0.207248154342831,94097.06109450769,Sell,,,0,500.77470504570346
2024-12-30 09:31:00,93894.05,-0.1464808297263928,94031.58678350372,Sell,,,0,500.77470504570346
2024-12-30 09:32:00,93876.32,-0.16719297507076408,94033.27461229496,Sell,,,0,500.77470504570346
2024-12-30 09:33:00,93872.0,-0.14646178777578636,94009.48660942087,Sell,,,0,500.77470504570346
2024-12-30 09:34:00,93897.96,-0.16821012437040225,94055.90587529728,Sell,,,0,500.77470504570346
2024-12-30 09:35:00,93897.25,-0.1827516657996113,94068.84878851504,Sell,,,0,500.77470504570346
2024-12-30 09:36:00,93908.71,-0.18994190745239023,94087.08199503794,Sell,,,0,500.77470504570346
2024-12-30 09:37:00,93946.49,-0.16492723439857065,94101.43334777153,Sell,,,0,500.77470504570346
2024-12-30 09:38:00,93919.78,0.031238231228887442,93890.44112195393,Hold,,,0,500.77470504570346
2024-12-30 09:39:00,93956.3,-0.04796315825256293,94001.36440885726,Hold,,,0,500.77470504570346
2024-12-30 09:40:00,93948.02,-0.04892841466261556,93993.98727679292,Hold,,,0,500.77470504570346
2024-12-30 09:41:00,93962.9,-0.07404592610436014,94032.47569949951,Hold,,,0,500.77470504570346
2024-12-30 09:42:00,94015.38,-0.1480637047685616,94154.58265468024,Sell,,,0,500.77470504570346
2024-12-30 09:43:00,94023.83,-0.1618828007660389,94176.03840939149,Sell,,,0,500.77470504570346
2024-12-30 09:44:00,93960.0,-0.06593146113663456,94021.94920088397,Hold,,,0,500.77470504570346
2024-12-30 09:45:00,94003.28,-0.11385384435265589,94110.30634809758,Hold,,,0,500.77470504570346
2024-12-30 09:46:00,93960.01,-0.05440116132839051,94011.12533662427,Hold,,,0,500.77470504570346
2024-12-30 09:47:00,93905.18,0.04485656336366537,93863.05736343154,Hold,,,0,500.77470504570346
2024-12-30 09:48:00,93876.72,0.044255077807487476,93835.17478452089,Hold,,,0,500.77470504570346
2024-12-30 09:49:00,93892.41,0.06595803060462907,93830.48041547678,Hold,,,0,500.77470504570346
2024-12-30 09:50:00,93893.24,0.059522841898447455,93837.35207520147,Hold,,,0,500.77470504570346
2024-12-30 09:51:00,93868.41,0.09942653674776361,93775.07989083682,Buy,Buy,93868.41,0.005334858713870869,0
2024-12-30 09:52:00,93907.78,0.11294677199842443,93801.71419383462,Buy,,,0.005334858713870869,0
2024-12-30 09:53:00,93934.58,0.09451510200732949,93845.79763589284,Buy,,,0.005334858713870869,0
2024-12-30 09:54:00,93922.54,0.039129279789489047,93885.788786538,Hold,,,0.005334858713870869,0
2024-12-30 09:55:00,93934.2,0.07416197026186977,93864.53654653027,Hold,,,0.005334858713870869,0
2024-12-30 09:56:00,93947.13,0.012859309838788368,93935.04904746865,Hold,,,0.005334858713870869,0
2024-12-30 09:57:00,93933.24,-0.029819066792693465,93961.25001557614,Hold,,,0.005334858713870869,0
2024-12-30 09:58:00,93889.44,-0.01350758477047225,93902.12219569852,Hold,,,0.005334858713870869,0
2024-12-30 09:59:00,93892.34,0.0013192846662700142,93891.10129275557,Hold,,,0.005334858713870869,0
2024-12-30 10:00:00,93892.34,0.0012577553071414502,93891.15906411064,Hold,,,0.005334858713870869,0
2024-12-30 10:01:00,93883.76,-0.014314995895824911,93897.19945639084,Hold,,,0.005334858713870869,0
2024-12-30 10:02:00,93874.7,0.03772086124767273,93839.28965466633,Hold,,,0.005334858713870869,0
2024-12-30 10:03:00,93905.6,0.031962971527512346,93875.58497980927,Hold,,,0.005334858713870869,0
2024-12-30 10:04:00,93888.78,0.0377302613535491,93853.35551792434,Hold,,,0.005334858713870869,0
2024-12-30 10:05:00,93880.01,0.05776313395819614,93825.78196406372,Hold,,,0.005334858713870869,0
2024-12-30 10:06:00,93937.47,0.00917492551067457,93928.85130710088,Hold,,,0.005334858713870869,0
2024-12-30 10:07:00,93930.33,0.0031002249484978124,93927.41794847514,Hold,,,0.005334858713870869,0
2024-12-30 10:08:00,93951.98,-0.06583884312402476,94013.83689672413,Hold,,,0.005334858713870869,0
2024-12-30 10:09:00,93905.66,-0.014114621098853702,93918.9144280994,Hold,,,0.005334858713870869,0
2024-12-30 10:10:00,93950.82,-0.061746783190546654,94008.83160913116,Hold,,,0.005334858713870869,0
2024-12-30 10:11:00,93942.01,-0.061939284797491154,94000.19700911839,Hold,,,0.005334858713870869,0
2024-12-30 10:12:00,93944.2,-0.07460386233067146,94014.28600163564,Hold,,,0.005334858713870869,0
2024-12-30 10:13:00,94043.14,-0.14679574636288678,94181.1913292661,Sell,Sell,94043.14,0,501.7068649087781
2024-12-30 10:14:00,94024.64,-0.1446035480242302,94160.60296545702,Sell,,,0,501.7068649087781
2024-12-30 10:15:00,93998.27,-0.1257905883763511,94116.5109768966,Hold,,,0,501.7068649087781
2024-12-30 10:16:00,93987.01,-0.05241655150262157,94036.27474950242,Hold,,,0,501.7068649087781
2024-12-30 10:17:00,93984.5,-0.05904545990758068,94039.99358026683,Hold,,,0,501.7068649087781
2024-12-30 10:18:00,94015.14,-0.06745677731263693,94078.55958362996,Hold,,,0,501.7068649087781
2024-12-30 10:19:00,93976.01,-0.07432530482761873,94045.85795589734,Hold,,,0,501.7068649087781
2024-12-30 10:20:00,93987.5,-0.038762552289063834,94023.9319538327,Hold,,,0,501.7068649087781
2024-12-30 10:21:00,94016.5,-0.0781483013280721,94089.9722977181,Hold,,,0,501.7068649087781
2024-12-30 10:22:00,93975.42,-0.03363981313281994,94007.03315567879,Hold,,,0,501.7068649087781
2024-12-30 10:23:00,93933.68,0.11688608821417797,93823.88459593237,Buy,Buy,93933.68,0.0053410753726328844,0
2024-12-30 10:24:00,93913.01,0.11818713104403374,93802.0169078039,Buy,,,0.0053410753726328844,0
2024-12-30 10:25:00,93903.48,0.10143366675477246,93808.23025702566,Buy,,,0.0053410753726328844,0
2024-12-30 10:26:00,93903.48,0.0902267550319567,93818.75393713392,Buy,,,0.0053410753726328844,0
2024-12-30 10:27:00,93881.14,0.110445513481981,93777.45249286426,Buy,,,0.0053410753726328844,0
2024-12-30 10:28:00,93912.51,0.10994433097899867,93809.25851917491,Buy,,,0.0053410753726328844,0
2024-12-30 10:29:00,93912.51,0.06815485079527413,93848.50406893139,Hold,,,0.0053410753726328844,0
2024-12-30 10:30:00,93899.98,0.09396399132056658,93811.74783094278,Buy,,,0.0053410753726328844,0
2024-12-30 10:31:00,93859.05,0.16786069379095905,93701.4975474844,Buy,,,0.0053410753726328844,0
2024-12-30 10:32:00,93848.05,0.13503133763547032,93721.32572274019,Buy,,,0.0053410753726328844,0
2024-12-30 10:33:00,93800.01,0.14169591475365786,93667.09921779147,Buy,,,0.0053410753726328844,0
2024-12-30 10:34:00,93782.25,0.1387122779727592,93652.16250469089,Buy,,,0.0053410753726328844,0
2024-12-30 10:35:00,93768.14,0.14705556272750178,93630.24873406389,Buy,,,0.0053410753726328844,0
2024-12-30 10:36:00,93737.25,0.1799538949450145,93568.56616761065,Buy,,,0.0053410753726328844,0
2024-12-30 10:37:00,93785.35,0.10349504312835467,93688.28681156943,Buy,,,0.0053410753726328844,0
2024-12-30 10:38:00,93755.44,0.1660325113311583,93599.77548845843,Buy,,,0.0053410753726328844,0
2024-12-30 10:39:00,93767.34,0.15623310586788572,93620.8443724283,Buy,,,0.0053410753726328844,0
2024-12-30 10:40:00,93782.52,0.12534592371104655,93664.9674340265,Buy,,,0.0053410753726328844,0
2024-12-30 10:41:00,93854.57,0.004610586630324516,93850.24275374363,Hold,,,0.0053410753726328844,0
2024-12-30 10:42:00,93841.85,0.007322195538736415,93834.97871624584,Hold,,,0.0053410753726328844,0
2024-12-30 10:43:00,93837.77,-0.03950324068481458,93874.83896013637,Hold,,,0.0053410753726328844,0
2024-12-30 10:44:00,93837.78,-0.05936349227009887,93893.48538327673,Hold,,,0.0053410753726328844,0
2024-12-30 10:45:00,93844.27,-0.08031985950298619,93919.64558581561,Hold,,,0.0053410753726328844,0
2024-12-30 10:46:00,93866.27,-0.13763964956154315,93995.4672050845,Hold,,,0.0053410753726328844,0
2024-12-30 10:47:00,93866.26,-0.08536340394083876,93946.38743468795,Hold,,,0.0053410753726328844,0
2024-12-30 10:48:00,93838.69,-0.08911988732055712,93922.3189347911,Hold,,,0.0053410753726328844,0
2024-12-30 10:49:00,93840.86,-0.07705101867280671,93913.16533856133,Hold,,,0.0053410753726328844,0
2024-12-30 10:50:00,93850.56,-0.07414590740544594,93920.14634931709,Hold,,,0.0053410753726328844,0
2024-12-30 10:51:00,93807.45,0.05041685284698765,93760.15523597399,Hold,,,0.0053410753726328844,0
2024-12-30 10:52:00,93770.96,0.07456865470592403,93701.03625662318,Hold,,,0.0053410753726328844,0
2024-12-30 10:53:00,93764.0,0.07795309682749497,93690.90805829066,Hold,,,0.0053410753726328844,0
2024-12-30 10:54:00,93785.15,0.05595252291904138,93732.67484245158,Hold,,,0.0053410753726328844,0
2024-12-30 10:55:00,93775.99,0.07215634992633096,93708.32466850872,Hold,,,0.0053410753726328844,0
2024-12-30 10:56:00,93808.17,0.06286237281812339,93749.19995844073,Hold,,,0.0053410753726328844,0
2024-12-30 10:57:00,93832.49,0.035311164731257665,93799.35665488467,Hold,,,0.0053410753726328844,0
2024-12-30 10:58:00,93832.48,0.006352255462573069,93826.51952116353,Hold,,,0.0053410753726328844,0
2024-12-30 10:59:00,93808.17,0.0340666904656006,93776.21266109466,Hold,,,0.0053410753726328844,0
2024-12-30 11:00:00,93821.67,0.02898098090053664,93794.47955973673,Hold,,,0.0053410753726328844,0
2024-12-30 11:01:00,93802.67,0.005976423801141605,93797.063954904,Hold,,,0.0053410753726328844,0
2024-12-30 11:02:00,93751.19,0.020700532578432313,93731.78300437139,Hold,,,0.0053410753726328844,0
2024-12-30 11:03:00,93649.56,0.12220096875804934,93535.11933044235,Buy,,,0.0053410753726328844,0
2024-12-30 11:04:00,93622.39,0.17328211393906734,93460.15914348772,Buy,,,0.0053410753726328844,0
2024-12-30 11:05:00,93582.69,0.20855336895508494,93387.5201472462,Buy,,,0.0053410753726328844,0
2024-12-30 11:06:00,93635.54,0.18854655665366352,93458.99341352592,Buy,,,0.0053410753726328844,0
2024-12-30 11:07:00,93557.77,0.291503897254394,93285.0454542657,Buy,,,0.0053410753726328844,0
2024-12-30 11:08:00,93560.09,0.28955730478172875,93289.17992504463,Buy,,,0.0053410753726328844,0
2024-12-30 11:09:00,93547.87,0.27678830223858153,93288.94043884664,Buy,,,0.0053410753726328844,0
2024-12-30 11:10:00,93513.56,0.3293607590348671,93205.56302898347,Buy,,,0.0053410753726328844,0
